{
  "A3A538": {
    "mil": false,
    "ts": 1757959015.864514
  },
  "A8B964": {
    "mil": false,
    "ts": 1757959016.416608
  },
  "A65E4E": {
    "mil": false,
    "ts": 1757959017.3166358
  },
  "A1AB98": {
    "mil": false,
    "ts": 1757959018.4499369
  },
  "AD9B28": {
    "mil": false,
    "ts": 1757959018.9893172
  },
  "A16F92": {
    "mil": false,
    "ts": 1757959020.820864
  },
  "A6177C": {
    "mil": false,
    "ts": 1757959021.480526
  },
  "A1280A": {
    "mil": false,
    "ts": 1757959023.456799
  },
  "A87DE9": {
    "mil": false,
    "ts": 1757959024.005027
  },
  "A02C91": {
    "mil": false,
    "ts": 1757959024.552139
  },
  "A86A66": {
    "mil": false,
    "ts": 1757959025.1251001
  },
  "AA94ED": {
    "mil": false,
    "ts": 1757959025.772823
  },
  "A92D50": {
    "mil": false,
    "ts": 1757959026.3964942
  },
  "AC530F": {
    "mil": false,
    "ts": 1757959026.9403148
  },
  "AC6679": {
    "mil": false,
    "ts": 1757959029.7759738
  },
  "ACB772": {
    "mil": false,
    "ts": 1757959030.3669708
  },
  "A80C4E": {
    "mil": false,
    "ts": 1757959030.908625
  },
  "A27816": {
    "mil": false,
    "ts": 1757959031.466835
  },
  "AD9811": {
    "mil": false,
    "ts": 1757959032.012838
  },
  "A30F85": {
    "mil": false,
    "ts": 1757959032.608544
  },
  "A867A2": {
    "mil": false,
    "ts": 1757959033.162111
  },
  "A8557A": {
    "mil": false,
    "ts": 1757959033.718526
  },
  "C030EF": {
    "mil": false,
    "ts": 1757959034.278254
  },
  "AA1568": {
    "mil": false,
    "ts": 1757959034.8256562
  },
  "A89A3D": {
    "mil": false,
    "ts": 1757959035.382967
  },
  "AA8C0E": {
    "mil": false,
    "ts": 1757959036.298225
  },
  "AC84E7": {
    "mil": false,
    "ts": 1757959037.198702
  },
  "A390D3": {
    "mil": false,
    "ts": 1757959037.945647
  },
  "A46BD2": {
    "mil": false,
    "ts": 1757959038.920372
  },
  "A6A24A": {
    "mil": false,
    "ts": 1757959039.4791381
  },
  "A664C4": {
    "mil": false,
    "ts": 1757959040.0346198
  },
  "A1895A": {
    "mil": false,
    "ts": 1757959040.610421
  },
  "AD5FE7": {
    "mil": false,
    "ts": 1757959041.16612
  },
  "A9299E": {
    "mil": false,
    "ts": 1757959041.736058
  },
  "AA34E8": {
    "mil": false,
    "ts": 1757959042.3043041
  },
  "A6A6B7": {
    "mil": false,
    "ts": 1757959042.871047
  },
  "A657AC": {
    "mil": false,
    "ts": 1757959043.427405
  },
  "A6308B": {
    "mil": false,
    "ts": 1757959043.9866319
  },
  "A81B2A": {
    "mil": false,
    "ts": 1757959045.2004201
  },
  "A826BB": {
    "mil": null,
    "ts": 1757959045.91814
  },
  "A697CD": {
    "mil": false,
    "ts": 1757959046.503563
  },
  "A24CA7": {
    "mil": false,
    "ts": 1757959047.170155
  },
  "A79323": {
    "mil": false,
    "ts": 1757959047.868171
  },
  "AAE967": {
    "mil": false,
    "ts": 1757959048.5560699
  },
  "A0A1F1": {
    "mil": false,
    "ts": 1757989182.011298
  },
  "AC4FFB": {
    "mil": false,
    "ts": 1757959049.691752
  },
  "A8F1C3": {
    "mil": false,
    "ts": 1757959050.239809
  },
  "AD4A1D": {
    "mil": false,
    "ts": 1757959050.798354
  },
  "AA530C": {
    "mil": false,
    "ts": 1757959051.354809
  },
  "A41096": {
    "mil": false,
    "ts": 1757959051.9077241
  },
  "A6C616": {
    "mil": false,
    "ts": 1757959052.47067
  },
  "A47E28": {
    "mil": false,
    "ts": 1757959053.025156
  },
  "A052E4": {
    "mil": false,
    "ts": 1757959053.580426
  },
  "A23E8D": {
    "mil": false,
    "ts": 1757959054.859405
  },
  "A448F8": {
    "mil": false,
    "ts": 1757959055.4460301
  },
  "ACE43D": {
    "mil": false,
    "ts": 1757959056.517845
  },
  "A5FDE4": {
    "mil": false,
    "ts": 1757959057.287178
  },
  "A17170": {
    "mil": false,
    "ts": 1757959057.8764548
  },
  "A793B1": {
    "mil": false,
    "ts": 1757959059.1909919
  },
  "A89A6B": {
    "mil": false,
    "ts": 1757959060.345741
  },
  "AAC5CF": {
    "mil": false,
    "ts": 1757959061.529143
  },
  "A19F8D": {
    "mil": false,
    "ts": 1757959062.5798311
  },
  "A8CA5E": {
    "mil": false,
    "ts": 1757959063.7851021
  },
  "A6A027": {
    "mil": false,
    "ts": 1757959064.329924
  },
  "A6EA35": {
    "mil": false,
    "ts": 1757959065.6483588
  },
  "A98D0C": {
    "mil": false,
    "ts": 1757959066.1977332
  },
  "A6C586": {
    "mil": false,
    "ts": 1757959069.332553
  },
  "ACD00B": {
    "mil": false,
    "ts": 1757959070.253213
  },
  "ACD89A": {
    "mil": false,
    "ts": 1757959071.072552
  },
  "A2C087": {
    "mil": false,
    "ts": 1757959071.63168
  },
  "A2FCF2": {
    "mil": false,
    "ts": 1757959072.183359
  },
  "AD1E05": {
    "mil": false,
    "ts": 1757959072.7519119
  },
  "A1589D": {
    "mil": false,
    "ts": 1757959073.322093
  },
  "A991BC": {
    "mil": null,
    "ts": 1757959074.316461
  },
  "A4C272": {
    "mil": false,
    "ts": 1757959075.031627
  },
  "AE49C6": {
    "mil": true,
    "ts": 1757959075.593027
  },
  "A8D365": {
    "mil": false,
    "ts": 1757959076.473011
  },
  "AB6A0F": {
    "mil": null,
    "ts": 1757959077.0269241
  },
  "AE6851": {
    "mil": true,
    "ts": 1757959077.9621189
  },
  "AB699F": {
    "mil": false,
    "ts": 1757959078.530058
  },
  "A87942": {
    "mil": false,
    "ts": 1757959079.0912142
  },
  "ABE16A": {
    "mil": false,
    "ts": 1757959343.2338948
  },
  "A4F5A0": {
    "mil": null,
    "ts": 1757959343.8133671
  },
  "AC4107": {
    "mil": false,
    "ts": 1757959344.369954
  },
  "A2DAC7": {
    "mil": false,
    "ts": 1757959344.928639
  },
  "AB24CC": {
    "mil": false,
    "ts": 1757959345.4838378
  },
  "A5A888": {
    "mil": false,
    "ts": 1757959346.286436
  },
  "A8609F": {
    "mil": false,
    "ts": 1757959346.8435252
  },
  "A84E0C": {
    "mil": false,
    "ts": 1757959348.86912
  },
  "A4CDAE": {
    "mil": false,
    "ts": 1757959349.59973
  },
  "A96E9A": {
    "mil": false,
    "ts": 1757959351.453587
  },
  "A4470E": {
    "mil": false,
    "ts": 1757959352.0085719
  },
  "A05368": {
    "mil": false,
    "ts": 1757959353.131509
  },
  "A57D52": {
    "mil": false,
    "ts": 1757959353.789213
  },
  "A324B0": {
    "mil": false,
    "ts": 1757959354.343255
  },
  "AB5418": {
    "mil": false,
    "ts": 1757959355.808331
  },
  "A7851C": {
    "mil": false,
    "ts": 1757959356.4737432
  },
  "AC08B1": {
    "mil": false,
    "ts": 1757960325.033066
  },
  "A72832": {
    "mil": false,
    "ts": 1757962337.335346
  },
  "A1349D": {
    "mil": false,
    "ts": 1757962337.890471
  },
  "A9951F": {
    "mil": false,
    "ts": 1757962338.4503942
  },
  "A7BBB2": {
    "mil": false,
    "ts": 1757964391.4014568
  },
  "A92082": {
    "mil": null,
    "ts": 1757965074.693302
  },
  "A9C66A": {
    "mil": false,
    "ts": 1757965147.042627
  },
  "A3E580": {
    "mil": null,
    "ts": 1757965150.2338
  },
  "A4F951": {
    "mil": false,
    "ts": 1757965361.801026
  },
  "A02A44": {
    "mil": false,
    "ts": 1757965474.8737862
  },
  "A1B838": {
    "mil": false,
    "ts": 1757965504.54273
  },
  "A48E1F": {
    "mil": false,
    "ts": 1757965646.859612
  },
  "A9C078": {
    "mil": false,
    "ts": 1757989181.4527931
  },
  "A2BC5A": {
    "mil": false,
    "ts": 1757989598.141047
  },
  "A42E07": {
    "mil": false,
    "ts": 1757992819.1767292
  }
}