{
  "timestamp": 1757992820,
  "stats": {
    "hex_count": 1,
    "providers_present": [
      "adsb_lol",
      "fr24",
      "opensky"
    ]
  },
  "point": {
    "lat": 46.168689,
    "lon": -123.020309,
    "radius_nm": 10.0
  },
  "merged": [
    {
      "hex": "A42E07",
      "merged_timestamp": 1757992820,
      "sources": [
        "adsb_lol",
        "fr24",
        "opensky"
      ],
      "latitude": 46.172372,
      "longitude": -123.081345,
      "altitude_ft": 7075,
      "vertical_rate_fpm": 0,
      "ground_speed_kt": 108,
      "track_deg": 174.71,
      "squawk": "4614",
      "on_ground": false,
      "field_sources": {
        "latitude": "adsb_lol",
        "longitude": "adsb_lol",
        "altitude_ft": "adsb_lol",
        "vertical_rate_fpm": "adsb_lol",
        "ground_speed_kt": "adsb_lol",
        "track_deg": "adsb_lol",
        "squawk": "adsb_lol",
        "on_ground": "fr24"
      },
      "position_timestamp": 1757992820,
      "position_age_sec": 0.09999990463256836,
      "origin_country": "United States",
      "registration": "N369DA",
      "aircraft_type": "C172",
      "callsign": "N369DA",
      "flight_no": "N369DA",
      "origin_iata": "PAE",
      "destination_iata": "EUG",
      "is_military": false,
      "age_adsb_lol_sec": 0.1,
      "age_fr24_sec": 2.0,
      "age_opensky_sec": 67.0,
      "extras_opensky_callsign": "N369DA  ",
      "extras_opensky_origin_country": "United States",
      "extras_opensky_sensors": null,
      "extras_opensky_spi": false,
      "extras_opensky_position_source": 0,
      "extras_opensky_category": null,
      "extras_opensky_mil": false,
      "extras_adsb_lol_type": "adsb_icao",
      "extras_adsb_lol_flight": "N369DA  ",
      "extras_adsb_lol_r": "N369DA",
      "extras_adsb_lol_t": "C172",
      "extras_adsb_lol_emergency": "none",
      "extras_adsb_lol_category": "A1",
      "extras_adsb_lol_nav_qnh": 1019.2,
      "extras_adsb_lol_nav_altitude_mcp": 7008,
      "extras_adsb_lol_nav_heading": 220.08,
      "extras_adsb_lol_nav_modes": [
        "althold"
      ],
      "extras_adsb_lol_nic": 9,
      "extras_adsb_lol_rc": 75,
      "extras_adsb_lol_seen_pos": 0.067,
      "extras_adsb_lol_version": 2,
      "extras_adsb_lol_nic_baro": 1,
      "extras_adsb_lol_nac_p": 10,
      "extras_adsb_lol_nac_v": 2,
      "extras_adsb_lol_sil": 3,
      "extras_adsb_lol_sil_type": "perhour",
      "extras_adsb_lol_gva": 2,
      "extras_adsb_lol_sda": 2,
      "extras_adsb_lol_alert": 0,
      "extras_adsb_lol_spi": 0,
      "extras_adsb_lol_mlat": [],
      "extras_adsb_lol_tisb": [],
      "extras_adsb_lol_messages": 65798,
      "extras_adsb_lol_rssi": -27.8,
      "extras_adsb_lol_dst": 2.547,
      "extras_adsb_lol_dir": 275.0,
      "extras_adsb_lol_mil": false,
      "extras_fr24_radar": "F-BDWY1",
      "extras_fr24_type": "C172",
      "extras_fr24_reg": "N369DA",
      "extras_fr24_from_iata": "PAE",
      "extras_fr24_to_iata": "EUG",
      "extras_fr24_flight": "",
      "extras_fr24_callsign": "N369DA",
      "extras_fr24_airline_icao": "",
      "extras_fr24_idx_17": 0,
      "extras_fr24_mil": false,
      "distance_nm": 2.547,
      "bearing_deg": 275.0,
      "within_radius": true,
      "souls_on_board_max": 4,
      "souls_on_board_max_is_estimate": false,
      "souls_on_board_max_text": "4",
      "lookups": {
        "aircraft": {
          "icao": "C172",
          "name": "Cessna 172",
          "manufacturer": "Cessna",
          "model": "172",
          "seats_max": 4,
          "iata_aliases": [],
          "lookup_status": "found"
        },
        "origin_airport": {
          "iata": "PAE",
          "name": "Snohomish County (Paine Field) Airport",
          "city": "Everett",
          "region": "WA",
          "country_code": "US",
          "country_name": "United States",
          "lat": 47.9063,
          "lon": -122.281998,
          "elevation_ft": 606
        },
        "destination_airport": {
          "iata": "EUG",
          "name": "Mahlon Sweet Field",
          "city": "Eugene",
          "region": "OR",
          "country_code": "US",
          "country_name": "United States",
          "lat": 44.12459945678711,
          "lon": -123.21199798583984,
          "elevation_ft": 374
        },
        "airline": {
          "name": ""
        }
      },
      "remaining_nm": 123.074,
      "eta_min": 68.4,
      "classification": "Private"
    }
  ],
  "nearest": {
    "hex": "A42E07",
    "registration": "N369DA",
    "callsign": "N369DA",
    "flight_no": "N369DA",
    "aircraft_type": "C172",
    "airline_icao": "",
    "origin_iata": "PAE",
    "destination_iata": "EUG",
    "distance_nm": 2.547,
    "bearing_deg": 275.0,
    "latitude": 46.172372,
    "longitude": -123.081345,
    "ground_speed_kt": 108,
    "track_deg": 174.71,
    "altitude_ft": 7075,
    "vertical_rate_fpm": 0,
    "on_ground": false,
    "squawk": "4614",
    "position_timestamp": 1757992820,
    "position_age_sec": 0.09999990463256836,
    "origin_country": "United States",
    "is_military": false,
    "souls_on_board_max": 4,
    "souls_on_board_max_is_estimate": false,
    "souls_on_board_max_text": "4",
    "lookups": {
      "aircraft": {
        "icao": "C172",
        "name": "Cessna 172",
        "manufacturer": "Cessna",
        "model": "172",
        "seats_max": 4,
        "iata_aliases": [],
        "lookup_status": "found"
      },
      "origin_airport": {
        "iata": "PAE",
        "name": "Snohomish County (Paine Field) Airport",
        "city": "Everett",
        "region": "WA",
        "country_code": "US",
        "country_name": "United States",
        "lat": 47.9063,
        "lon": -122.281998,
        "elevation_ft": 606
      },
      "destination_airport": {
        "iata": "EUG",
        "name": "Mahlon Sweet Field",
        "city": "Eugene",
        "region": "OR",
        "country_code": "US",
        "country_name": "United States",
        "lat": 44.12459945678711,
        "lon": -123.21199798583984,
        "elevation_ft": 374
      },
      "airline": {
        "name": ""
      }
    },
    "remaining_nm": 123.074,
    "eta_min": 68.4,
    "classification": "Private",
    "media": {
      "plane_image": "https://cdn.jetphotos.com/full/5/632806_1696962777.jpg",
      "thumbnails": [
        "https://cdn.jetphotos.com/400/5/632806_1696962777.jpg"
      ]
    },
    "plane_key": "N369DA",
    "airline_iata": "",
    "airline_logo_url": "",
    "airline_logo_path": "",
    "airline_logo_code": "",
    "souls_on_board": 0
  }
}
